ID,Name,Age,Score
1,Name_1,28,68.65206538288774
2,Name_2,30,79.26903676880363
3,Name_3,24,53.98402573616097
4,Name_4,32,79.3547972541711
5,Name_5,26,57.725007831118894
6,Name_6,37,82.81064750405142
7,Name_7,33,92.64751398228651
8,Name_8,19,72.0289913768335
9,Name_9,56,63.72473334907245
10,Name_10,43,76.50932773311828
